{
    "imageName": "3981.png",
    "questions": {
        "Where is the crown?": {
            "abcLabel": true,
            "answerTexts": [
                "E",
                "C",
                "F",
                "B"
            ],
            "correctAnswer": 3,
            "questionId": "3981.png-0"
        },
        "Where is the daughter plant?": {
            "abcLabel": true,
            "answerTexts": [
                "D",
                "B",
                "E",
                "C"
            ],
            "correctAnswer": 2,
            "questionId": "3981.png-1"
        }
    }
}