{
    "imageName": "1332.png",
    "questions": {
        "Which region in the diagram represents the alveoli?": {
            "abcLabel": true,
            "answerTexts": [
                "b",
                "d",
                "c",
                "a"
            ],
            "correctAnswer": 0,
            "questionId": "1332.png-0"
        },
        "Which region in the diagram represents the lungs?": {
            "abcLabel": true,
            "answerTexts": [
                "a",
                "c",
                "b",
                "d"
            ],
            "correctAnswer": 0,
            "questionId": "1332.png-1"
        }
    }
}