{
    "imageName": "3683.png",
    "questions": {
        "The liver is responsible for producing what green fluid?": {
            "abcLabel": false,
            "answerTexts": [
                "Bile",
                "Water",
                "Algae",
                "Acid"
            ],
            "correctAnswer": 0,
            "questionId": "3683.png-0"
        },
        "Which organ is responsible for breaking down food with acid?": {
            "abcLabel": false,
            "answerTexts": [
                "Esophagus",
                "Stomach",
                "Pancreas",
                "Gallbladder"
            ],
            "correctAnswer": 1,
            "questionId": "3683.png-1"
        }
    }
}