{
    "imageName": "3213.png",
    "questions": {
        "What connects the stem to the soil and absorbs nutrients?": {
            "abcLabel": false,
            "answerTexts": [
                "cell",
                "flower",
                "petals",
                "roots"
            ],
            "correctAnswer": 3,
            "questionId": "3213.png-0"
        },
        "What grows on a stem?": {
            "abcLabel": false,
            "answerTexts": [
                "roots",
                "soil",
                "leaf",
                "sun"
            ],
            "correctAnswer": 2,
            "questionId": "3213.png-1"
        }
    }
}