{
    "imageName": "3015.png",
    "questions": {
        "What is the lowermost section of a vertebrate brain?": {
            "abcLabel": false,
            "answerTexts": [
                "Optic chiasm",
                "Pineal gland",
                "Medulla oblongata",
                "Occipital lobe"
            ],
            "correctAnswer": 2,
            "questionId": "3015.png-1"
        },
        "Which controls body temperature?": {
            "abcLabel": false,
            "answerTexts": [
                "Pons",
                "Central sulcus",
                "Pineal gland",
                "Hypothalamus"
            ],
            "correctAnswer": 3,
            "questionId": "3015.png-0"
        }
    }
}