{
    "imageName": "3925.png",
    "questions": {
        "The following is an organ or structure having a curved or bowlike appearance, especially either of two arched sections of the bony structure of the foot.": {
            "abcLabel": false,
            "answerTexts": [
                "Abdomen",
                "Arch",
                "Sternite",
                "Genital"
            ],
            "correctAnswer": 1,
            "questionId": "3925.png-1"
        },
        "Which of the following is the part of the body that lies between the thorax and the pelvis and encloses the stomach, intestines, liver, spleen, and pancreas?": {
            "abcLabel": false,
            "answerTexts": [
                "Abdomen",
                "Genital",
                "Sternite",
                "Arch"
            ],
            "correctAnswer": 0,
            "questionId": "3925.png-0"
        }
    }
}